card1,card2,card3,Reading
Intersection,Collision,Glare,"The claimant was involved in a collision at an intersection due to blinding glare, resulting in damage to their vehicle."
Heavy Traffic,Rear-End,Minor Damage,"The claimant's vehicle was rear-ended in heavy traffic, causing minor damage and prompting them to seek compensation for repairs."
Highway,Ice,Rollover,"The claimant's vehicle experienced a rollover on the highway due to icy road conditions, leading to injuries and damages requiring insurance coverage."
Parking Lot,Hit-and-Run,Vandalism,"A hit-and-run incident in a parking lot resulted in vandalism to the claimant's vehicle, prompting them to file an insurance claim for repairs."
Rural Road,Wildlife,Hydroplaning,"Collision with wildlife on a rural road led to hydroplaning and subsequent damages, prompting the claimant to seek reimbursement for repairs and medical expenses."
Rainy,Side Collision,Moderate Damage,"The claimant's vehicle was involved in a side collision during rainy weather, resulting in moderate damage and necessitating an insurance claim for repairs."
T-bone,Red Light,Significant Damage,"A T-bone collision at a red light intersection caused significant damage to the claimant's vehicle, leading to injuries and financial losses necessitating an insurance claim."
Stop Sign,Failure to Yield,Intersection Collision,"The claimant's vehicle was involved in an intersection collision due to another driver's failure to yield at a stop sign, resulting in damages and injuries prompting them to seek coverage under their insurance policy."
Construction Zone,Rear-End,Minor Injury,"The claimant was rear-ended in a construction zone, resulting in minor injuries and vehicle damages that require compensation from their insurance provider."
Heavy Rain,T-bone,Minor Injury,"A T-bone collision occurred in heavy rain, causing minor injuries and vehicle damages for which the claimant seeks coverage through their insurance policy."
Stop Sign,Failure to Stop,Moderate Damage,"The claimant's vehicle collided with another at a stop sign due to failure to stop, resulting in moderate damages that necessitate an insurance claim for repairs."
U-Turn,Collision,Broken Side Mirror,"The claimant's vehicle was involved in a collision while making a U-turn, resulting in a broken side mirror and prompting them to file a claim for repairs."
Hailstorm,Parked Car,Roof Damage,"The claimant's parked car sustained roof damage during a hailstorm, requiring repairs and prompting them to seek coverage from their insurance provider."
Sudden Obstacle,Roll-Over,Serious Injury,"A roll-over accident occurred due to a sudden obstacle on the road, causing serious injuries and significant damages, for which the claimant seeks compensation through their insurance policy."
Parking Lot,Skateboarder,Minor Damage,"Collision with a skateboarder in a parking lot resulted in minor damages to the claimant's vehicle, prompting them to file an insurance claim for repairs."
Blind Intersection,Yield Failure,Significant Injury,"The claimant was involved in a collision at a blind intersection due to another driver's failure to yield, resulting in significant injuries and financial losses necessitating an insurance claim."
Rear-End,Distraction,Significant Damage,"The claimant's vehicle was rear-ended due to another driver's distraction, resulting in significant damages and prompting them to file a claim for repairs and medical expenses."
Narrow Street,Swipe,Minor Damage,"The claimant's vehicle was involved in a minor collision on a narrow street due to a swipe from another vehicle, resulting in minor damages requiring repairs and insurance coverage."
Highway,Vehicle Fire,Extensive Damage,"The claimant's vehicle caught fire on the highway, resulting in extensive damages that necessitate an insurance claim for repairs or replacement."
Pedestrian,Crosswalk,Pedestrian Injury,"The claimant's vehicle collided with a pedestrian in a crosswalk, resulting in injuries to the pedestrian and prompting the claimant to file an insurance claim for medical expenses and legal liabilities."
Lane Change,Side Swipe,Moderate Injury,"A side swipe collision during a lane change resulted in moderate injuries to the claimant and damages to their vehicle, necessitating insurance coverage for medical expenses and repairs."
Foggy Road,Deer Collision,Vehicle Damage,"Collision with a deer on a foggy road caused damages to the claimant's vehicle, requiring repairs and prompting them to file an insurance claim for coverage."
Traffic Light,Cyclist Collision,Minor Injuries,"The claimant's vehicle collided with a cyclist at a traffic light, resulting in minor injuries to both parties and prompting the claimant to seek coverage under their insurance policy for medical expenses."
Parking Lot,Reverse Accident,Wall Damage,"The claimant's vehicle collided with a wall in a parking lot due to a reverse accident, resulting in damages and necessitating an insurance claim for repairs."
Single-Vehicle,Tire Blowout,Front Fender Damage,"The claimant's vehicle was involved in a single-vehicle accident due to a tire blowout, resulting in front fender damage and prompting them to file an insurance claim for repairs."
Slippery Road,Guardrail,Front Damage,"The claimant's vehicle collided with a guardrail on a slippery road, causing front-end damage and necessitating repairs covered by their insurance policy."
Red Light,Running,T-bone Collision,"A T-bone collision occurred due to running a red light, resulting in damages and injuries to the claimant, necessitating an insurance claim for coverage."
Intersection,Failure to Yield,Side Damage,"The claimant's vehicle was involved in an intersection collision due to failure to yield, resulting in side damage and prompting them to seek coverage under their insurance policy for repairs and medical expenses."
Heavy Rain,Multi-Vehicle,Traffic Delay,"Multi-vehicle collision in heavy rain caused traffic delays and damages, prompting the claimant to file an insurance claim for repairs and loss of income."
Vehicle Malfunction,Rear-End,Minor Injuries,"The claimant's vehicle was rear-ended due to a malfunction, resulting in minor injuries and damages that require compensation through their insurance provider."
Pedestrian,Jaywalking,Collision,"The claimant's vehicle collided with a jaywalking pedestrian, resulting in injuries to the pedestrian and prompting the claimant to file an insurance claim for medical expenses and legal liabilities."
Tree Branch,Collision,Roof and Windshield Damage,"The claimant's vehicle collided with a tree branch, causing damage to the roof and windshield and necessitating repairs covered by their insurance policy."
Parking Lot,Collision,Minor Damage,"The claimant's vehicle was involved in a minor collision in a parking lot, resulting in minor damages requiring repairs and insurance coverage."
Lane Change,Sideswipe,Moderate Damage,"A sideswipe collision during a lane change resulted in moderate damages to the claimant's vehicle, prompting them to file an insurance claim for repairs and coverage."
Heavy Traffic,Chain Reaction,Multiple Directions Damage,"A chain reaction collision in heavy traffic caused damages from multiple directions, necessitating insurance coverage for repairs and medical expenses."
Animal Crossing,Collision,Damage to Vehicle,"The claimant's vehicle collided with an animal crossing the road, resulting in damages that require repairs and coverage under their insurance policy."
Narrow Street,Collision,Dented Side,"Collision on a narrow street caused a dented side to the claimant's vehicle, necessitating repairs covered by their insurance policy."
Rear-End,Heavy Traffic,Noticeable Damage,"The claimant's vehicle was rear-ended in heavy traffic, resulting in noticeable damages that require repairs and coverage under their insurance policy."
Snowy Road,Black Ice,Spin Out,Vehicle spin-out on a snowy road due to black ice caused damages and necessitated repairs and coverage under the claimant's insurance policy.
Stop Sign,Rolling Stop,Intersection Collision,"A collision occurred at an intersection due to a rolling stop at a stop sign, resulting in damages and injuries to the claimant and necessitating insurance coverage for repairs and medical expenses."
Heavy Rain,Hydroplaning,Side Impact,"Side impact collision due to hydroplaning in heavy rain caused damages and injuries to the claimant, necessitating insurance coverage for repairs and medical expenses."
Construction Zone,Merge Accident,Fender Bender,"A fender bender accident during lane merging in a construction zone caused damages to the claimant's vehicle, necessitating repairs covered by their insurance policy."
T-bone,Failure to Yield,Broadside Collision,"A broadside collision due to failure to yield in a T-bone scenario caused damages and injuries to the claimant, necessitating insurance coverage for repairs and medical expenses."
Highway,Overturned,Guardrail Damage,"Vehicle overturn on the highway caused damages to guardrails and the claimant's vehicle, necessitating repairs and coverage under their insurance policy."
Foggy Road,Rear-End,Visibility Impairment,"Rear-end collision on a foggy road due to visibility impairment caused damages and injuries to the claimant, necessitating insurance coverage for repairs and medical expenses."
Red Light,Intersection,Collision,"A collision occurred at an intersection due to violations of a red light, resulting in damages and injuries to the claimant and necessitating insurance coverage for repairs and medical expenses."
School Zone,Pedestrian,Hit-and-Run,"A hit-and-run incident involving a pedestrian in a school zone caused damages and injuries to the claimant, necessitating insurance coverage for repairs and medical expenses."
Snowy Road,Skidding,Median Collision,"Collision with a median on a snowy road due to skidding caused damages to the claimant's vehicle, necessitating repairs and coverage under their insurance policy."
Construction Zone,Road Work,Worker Injury,"Worker injury in a construction zone during road work caused damages and legal liabilities to the claimant, necessitating insurance coverage for medical expenses and legal liabilities."
Heavy Traffic,Lane Merge,Side Swipe,"Side swipe collision during lane merging in heavy traffic caused damages and injuries to the claimant, necessitating insurance coverage for repairs and medical expenses."
