Instruction ,Response,Description
Describe the sequence of events leading up to the collision.,"Rear-end collision, Main Street, sudden braking, wet road, significant damage, minor whiplash","A rear-end collision occurred on Main Street due to sudden braking on a wet road, resulting in significant damage to the vehicles and minor whiplash injuries."
Describe the extent of the damage sustained by your vehicle and any injuries incurred.,"Intersection collision, Elm and Oak Street, ran red light, heavy damage, broken arm","At the intersection of Elm and Oak Street, a collision ensued when a driver ran a red light, causing heavy damage to the vehicles and resulting in a broken arm."
"Provide details on any contributing factors to the accident, such as weather conditions, road conditions, or mechanical failures.","Collision with wildlife, highway, deer, extensive damage, broken leg","While traveling on the highway, a collision with a deer occurred, causing extensive damage to the vehicle and resulting in a broken leg."
"Determine the type of accident that occurred, specifying whether it was a rear-end collision, side collision, collision with a pedestrian, collision with wildlife, single-vehicle accident, hit-and-run, or vandalism.","Side collision, parking lot, vehicle reversal, minor damage, no injuries","A side collision occurred in a parking lot when a vehicle reversed into another, resulting in minor damage and no injuries."
Gather additional information about the weather conditions during the accident.,"Single-vehicle accident, gravel road, tire blowout, loss of control, concussion","On a gravel road, a single-vehicle accident occurred due to a sudden tire blowout, resulting in a loss of control and a concussion."
Identify specific road signs or signals relevant to the accident.,"Rear-end collision, stopped at red light, severe damage, whiplash","A rear-end collision happened while stopped at a red light, causing severe damage to the vehicles and resulting in whiplash injuries."
Collect statements from witnesses regarding the sequence of events leading up to the accident.,"Intersection collision, fog, failed to see stop sign, minor damage, minor cuts","In foggy conditions, an intersection collision occurred as a driver failed to see a stop sign, resulting in minor damage and cuts."
Investigate any mitigating factors that contributed to the severity of the accident.,"Single-vehicle accident, mountain road, lost control, guardrail collision, sprained wrist","On a mountain road, a single-vehicle accident occurred when a driver lost control, resulting in a collision with a guardrail and a sprained wrist."
Document the actions taken by emergency responders following the accident.,"Single-vehicle accident, highway, truck tire detachment, median barrier collision, minor injuries","A single-vehicle accident on the highway was caused by a truck tire detachment, leading to a collision with the median barrier and minor injuries."
Determine if any legal or insurance proceedings were initiated as a result of the accident.,"Collision with wildlife, nighttime, deer, minor damage, minor cuts","Collision with wildlife occurred at night on a highway when a deer suddenly appeared, causing minor damage to the vehicle and minor cuts."
Record details of injuries sustained by individuals involved in the accident.,"Single-vehicle accident, windy road, tree branch, roof damage, minor cuts","A single-vehicle accident resulted from a windy road causing a tree branch to collide with a vehicle, resulting in roof damage and minor cuts."
Note the location where the accident occurred.,"Side collision, highway, truck merge without signaling, damage, sprained ankle","A side collision occurred on a highway when a truck merged without signaling, causing damage to the vehicles and a sprained ankle."
Assess if the accident impacted the ability to continue the journey.,"Single-vehicle accident, poorly lit road, pothole, loss of control, broken leg","On a poorly lit road, a single-vehicle accident occurred due to a pothole, resulting in a loss of control and a broken leg."
Document any immediate actions taken following the accident to ensure safety.,"Single-vehicle accident, highway, heavy rain, hydroplaning, median barrier collision, minor injuries","Heavy rain on the highway led to hydroplaning and a single-vehicle accident, resulting in a collision with the median barrier and minor injuries."
"Determine if medical attention was sought for yourself or passengers, if applicable.","Single-vehicle accident, mountain road, rockslide, swerve, guardrail collision, minor injuries","A rockslide on a mountain road caused a single-vehicle accident as a driver swerved to avoid it, resulting in a collision with a guardrail and minor injuries."
Investigate any other contributing factors to the accident that can be recalled.,"Single-vehicle accident, highway, black ice, loss of control, median barrier collision, broken arm","Black ice on a highway caused a single-vehicle accident when a driver lost control, resulting in a collision with the median barrier and a broken arm."
Gather any additional details or information deemed important about the accident.,"Rear-end collision, sudden lane change, minor damage, minor whiplash","A rear-end collision occurred due to sudden lane change on a city street, resulting in minor damage to the vehicles and minor whiplash injuries."
Describe the sequence of events leading up to the collision.,"Single-vehicle accident, rural road, pothole, loss of control, tree collision","On a rural road, a single-vehicle accident happened due to a pothole, resulting in a loss of control and a collision with a tree."
Describe the extent of the damage sustained by your vehicle and any injuries incurred.,"Single-vehicle accident, highway, wind, road sign collision, roof damage","A single-vehicle accident occurred on a highway due to a sudden wind gust causing a road sign collision, resulting in roof damage."
"Provide details on any contributing factors to the accident, such as weather conditions, road conditions, or mechanical failures.","Collision with cyclist, busy street, sudden swerve, minor damage, broken arm","A collision with a cyclist occurred on a busy street due to a sudden swerve, resulting in minor damage to the vehicle and a broken arm."
"Determine the type of accident that occurred, specifying whether it was a rear-end collision, side collision, collision with a pedestrian, collision with wildlife, single-vehicle accident, hit-and-run, or vandalism.","Single-vehicle accident, rural road, hailstorm, loss of control, fence collision","A single-vehicle accident occurred on a rural road during a hailstorm, resulting in a loss of control and a collision with a fence."
Gather additional information about the weather conditions during the accident.,"Side collision, parking lot, vehicle door, minor damage, no injuries","In a parking lot, a side collision happened when a vehicle door opened into the path of another vehicle, resulting in minor damage and no injuries."
Identify specific road signs or signals relevant to the accident.,"Rear-end collision, highway, heavy rain, reduced visibility, significant damage, broken arm","A collision occurred on a highway during heavy rain, resulting in reduced visibility and significant damage to the vehicles and a broken arm."
Collect statements from witnesses regarding the sequence of events leading up to the accident.,"Intersection collision, suburban area, ran red light, severe damage, broken arm","On a suburban intersection, a collision occurred when a driver ran a red light, resulting in severe damage to the vehicles and a broken arm."
Investigate any mitigating factors that contributed to the severity of the accident.,"Single-vehicle accident, mountain road, icy conditions, guardrail collision, minor injuries","A single-vehicle accident occurred on a mountain road due to icy conditions, resulting in a collision with a guardrail and minor injuries."
Describe the sequence of events leading up to the collision.,"Collision with wildlife, rural road, sudden appearance, extensive damage, minor injuries","Collision with wildlife occurred on a rural road when an animal suddenly appeared, causing extensive damage to the vehicle and minor injuries."
Describe the extent of the damage sustained by your vehicle and any injuries incurred.,"Single-vehicle accident, highway, distracted driving, loss of control, median barrier collision","A single-vehicle accident on the highway was caused by distracted driving, resulting in a loss of control and a collision with the median barrier."
"Provide details on any contributing factors to the accident, such as weather conditions, road conditions, or mechanical failures.","Rear-end collision, city street, tailgating, minor damage, no injuries","A rear-end collision occurred on a city street due to tailgating, resulting in minor damage to the vehicles and no injuries."
"Determine the type of accident that occurred, specifying whether it was a rear-end collision, side collision, collision with a pedestrian, collision with wildlife, single-vehicle accident, hit-and-run, or vandalism.","Intersection collision, residential area, failed to yield, moderate damage, minor cuts","At a residential intersection, a collision occurred when a driver failed to yield, resulting in moderate damage to the vehicles and minor cuts."
Gather additional information about the weather conditions during the accident.,"Collision with pedestrian, crosswalk, pedestrian darted out, front-end damage, broken leg","A collision with a pedestrian occurred in a crosswalk when the pedestrian darted out unexpectedly, resulting in front-end damage to the vehicle and a broken leg."
Identify specific road signs or signals relevant to the accident.,"Single-vehicle accident, highway, sudden tire blowout, loss of control, shoulder collision","A single-vehicle accident on the highway occurred due to sudden tire blowout, resulting in a loss of control and a collision with the shoulder."
Collect statements from witnesses regarding the sequence of events leading up to the accident.,"Rear-end collision, highway, heavy traffic, minor damage, no injuries","A rear-end collision occurred on the highway during heavy traffic congestion, resulting in minor damage to the vehicles and no injuries."
Investigate any mitigating factors that contributed to the severity of the accident.,"Side collision, parking lot, backing out, minor damage, no injuries","In a parking lot, a collision occurred when a vehicle backed out and hit another, resulting in minor damage to the vehicles and no injuries."
Document the actions taken by emergency responders following the accident.,"Single-vehicle accident, rural road, animal crossing, loss of control, tree collision","On a rural road, a single-vehicle accident occurred when an animal crossed the road unexpectedly, resulting in a loss of control and a collision with a tree."
Determine if any legal or insurance proceedings were initiated as a result of the accident.,"Rear-end collision, highway, sudden stop, significant damage, minor injuries","A rear-end collision occurred on a highway due to sudden stopping, resulting in significant damage to the vehicles and minor injuries."
Record details of injuries sustained by individuals involved in the accident.,"Intersection collision, downtown area, green light, severe damage, broken arm","At a busy downtown intersection, a collision occurred when a driver ran a green light, resulting in severe damage to the vehicles and a broken arm."
Note the location where the accident occurred.,"Single-vehicle accident, mountain road, sudden fog, limited visibility, guardrail collision","A single-vehicle accident occurred on a mountain road during sudden fog, resulting in limited visibility and a collision with a guardrail."
Assess if the accident impacted the ability to continue the journey.,"Collision with cyclist, bike lane, failed to yield, minor damage, minor injuries","A collision with a cyclist occurred in a bike lane due to failure to yield, resulting in minor damage to the vehicle and minor injuries."
Document any immediate actions taken following the accident to ensure safety.,"Single-vehicle accident, highway, heavy rain, hydroplaning, median barrier collision","A single-vehicle accident on the highway occurred during heavy rain, resulting in hydroplaning and a collision with the median barrier."
"Determine if medical attention was sought for yourself or passengers, if applicable.","Rear-end collision, city street, sudden stop, minor damage, minor injuries","A rear-end collision occurred on a city street due to sudden stopping, resulting in minor damage to the vehicles and minor injuries."
Investigate any other contributing factors to the accident that can be recalled.,"Intersection collision, suburban area, ran red light, severe damage, broken arm","At a suburban intersection, a collision occurred when a driver ran a red light, resulting in severe damage to the vehicles and a broken arm."
Gather any additional details or information deemed important about the accident.,"Single-vehicle accident, rural road, hailstorm, loss of control, fence collision","A single-vehicle accident occurred on a rural road during a hailstorm, resulting in loss of control and a collision with a fence."
Describe the sequence of events leading up to the collision.,"Side collision, parking lot, reversing vehicle, minor damage, no injuries","In a parking lot, a side collision occurred when a vehicle reversed and hit another, resulting in minor damage to the vehicles and no injuries."
Describe the extent of the damage sustained by your vehicle and any injuries incurred.,"Single-vehicle accident, highway, sudden tire blowout, loss of control, shoulder collision","A single-vehicle accident occurred on the highway due to sudden tire blowout, resulting in loss of control and a collision with the shoulder."
"Provide details on any contributing factors to the accident, such as weather conditions, road conditions, or mechanical failures.","contributing factors, accident, weather conditions, road conditions, mechanical failures, heavy rain, slippery road, tire blowout, severity, outcome","The accident occurred due to various contributing factors, including adverse weather conditions such as heavy rain, slippery road conditions, and mechanical failures such as a sudden tire blowout. These factors significantly influenced the severity and outcome of the accident."
"Determine the type of accident that occurred, specifying whether it was a rear-end collision, side collision, collision with a pedestrian, collision with wildlife, single-vehicle accident, hit-and-run, or vandalism.","accident type, rear-end collision, side collision, pedestrian collision, wildlife collision, single-vehicle accident, hit-and-run, vandalism, dynamics, liability","The accident type is determined to be a rear-end collision, where one vehicle struck the rear of another vehicle. The type of accident is crucial for understanding the dynamics and liability involved in the collision."
Gather additional information about the weather conditions during the accident.,"weather conditions, additional information, precipitation, fog, snow, high winds, impact, visibility","Additional information regarding the weather conditions at the time of the accident is necessary to understand their impact on road conditions and visibility. This includes factors such as precipitation, fog, snow, or high winds that could have contributed to the accident."
Identify specific road signs or signals relevant to the accident.,"road signs, signals, relevant, traffic regulations, warnings, disregarded, misinterpreted, stop signs, traffic lights, speed limit signs, collision","Specific road signs or signals that were relevant to the accident need to be identified to ascertain if any traffic regulations or warnings were disregarded or misinterpreted, potentially leading to the collision. These could include stop signs, traffic lights, or speed limit signs."
Collect statements from witnesses regarding the sequence of events leading up to the accident.,"statements, witnesses, sequence of events, accident reconstruction, testimonies, driver behavior, road conditions, actions, insights","Gathering statements from witnesses who observed the sequence of events leading up to the accident is crucial for reconstructing the incident accurately. Their testimonies can provide valuable insights into factors such as driver behavior, road conditions, and the actions of other parties."
Investigate any mitigating factors that contributed to the severity of the accident.,"mitigating factors, severity, accident investigation, circumstances, conditions, safety features, emergency response, road barriers, potential harm","An investigation into mitigating factors aims to identify any circumstances or conditions that lessened the severity of the accident. This could include the presence of safety features in vehicles, prompt emergency response, or protective road barriers that mitigated potential harm."
Explain the circumstances leading up to the crash.,"Intersection collision, suburban area, failure to yield, significant damage, minor injuries","In a suburban intersection, a collision occurred due to failure to yield, resulting in significant damage to the vehicles and minor injuries."
Describe the damage sustained by your vehicle and any injuries suffered.,"Single-vehicle accident, highway, tire blowout, loss of control, barrier collision","A single-vehicle accident on the highway occurred due to a tire blowout, resulting in loss of control and a collision with the barrier."
Provide details on environmental factors influencing the accident.,"Collision with cyclist, downtown street, distracted driving, moderate damage, minor injuries","A collision with a cyclist occurred on a downtown street due to distracted driving, resulting in moderate damage to the vehicle and minor injuries."
Determine the type of collision and specify its characteristics.,"Side collision, parking garage, improper lane change, minor damage, no injuries","In a parking garage, a side collision occurred due to an improper lane change, resulting in minor damage to the vehicles and no injuries."
Gather additional information about weather conditions at the time of the incident.,"Rear-end collision, highway, heavy fog, limited visibility, moderate damage, no injuries","A rear-end collision occurred on the highway during heavy fog, resulting in limited visibility and moderate damage to the vehicles, with no injuries reported."
Identify specific road signs or signals relevant to the accident.,"Intersection collision, residential area, obscured stop sign, severe damage, multiple casualties","At a residential intersection with an obscured stop sign, a collision occurred, resulting in severe damage to the vehicles and multiple casualties."
Collect statements from eyewitnesses regarding the sequence of events.,"Single-vehicle accident, rural road, sudden swerve, rollover, ejected occupant","Following a single-vehicle accident on a rural road involving a sudden swerve and rollover, an occupant was ejected from the vehicle."
Investigate any factors that may have mitigated the severity of the accident.,"Rear-end collision, city street, slow-moving traffic, minor damage, no injuries","A rear-end collision occurred on a city street with slow-moving traffic, resulting in minor damage to the vehicles and no reported injuries."
Document actions taken by emergency responders post-accident.,"Intersection collision, downtown area, trapped occupants, extrication, serious injuries","Following an intersection collision in a downtown area where occupants were trapped, emergency responders performed extrication due to serious injuries."
Determine if legal proceedings were initiated following the accident.,"Single-vehicle accident, mountain road, sudden snowstorm, skid, guardrail collision","After a single-vehicle accident on a mountain road during a sudden snowstorm, resulting in a skid and guardrail collision, legal proceedings were initiated."
Record injuries sustained by individuals involved in the accident.,"Rear-end collision, highway, sudden stop, minor damage, whiplash, medical examination","In a rear-end collision on the highway due to a sudden stop, resulting in minor damage to the vehicles, individuals involved sought a medical examination for whiplash injuries."
Note the location where the accident occurred.,"Side collision, parking lot, obstructed view, minor damage, no injuries","In a parking lot with an obstructed view, a side collision occurred, resulting in minor damage to the vehicles and no injuries."
Assess the impact of the accident on the ability to continue the journey.,"Intersection collision, residential area, road closure, severe damage, delayed travel","In a residential intersection with road closure following an accident resulting in severe damage, travel was delayed for all parties involved."
Document immediate safety measures taken post-accident.,"Single-vehicle accident, rural road, fuel spill, fire hazard, road closure","After a single-vehicle accident on a rural road involving a fuel spill and fire hazard, immediate safety measures were implemented, including road closure."
Determine if medical attention was sought for injuries sustained.,"Rear-end collision, city street, sudden stop, minor damage, neck pain, medical evaluation","In a rear-end collision on a city street due to a sudden stop, resulting in minor damage to the vehicles, individuals involved sought a medical evaluation for neck pain."
Investigate any other factors contributing to the accident.,"Intersection collision, suburban area, obscured traffic light, severe damage, unclear signal","At a suburban intersection with an obscured traffic light leading to an unclear signal, a collision occurred, resulting in severe damage to the vehicles."
Gather any additional information deemed important about the accident.,"Single-vehicle accident, rural road, hazardous material spill, environmental cleanup","Following a single-vehicle accident on a rural road involving a hazardous material spill, environmental cleanup efforts were required."
Describe the events leading up to the collision.,"Side collision, parking garage, speeding vehicle, minor damage, no injuries","In a parking garage, a side collision occurred due to a speeding vehicle, resulting in minor damage to the vehicles and no injuries."
Detail the extent of damage to your vehicle and any injuries incurred.,"Single-vehicle accident, highway, sudden brake failure, loss of control, median collision","A single-vehicle accident on the highway occurred due to sudden brake failure, resulting in loss of control and a collision with the median."
Provide information on any contributing factors to the accident.,"Collision with pedestrian, downtown street, distracted walking, minor injuries","A collision with a pedestrian occurred on a downtown street due to distracted walking, resulting in minor injuries."
Determine the type of accident and specify its characteristics.,"Rear-end collision, highway, heavy rain, reduced visibility, significant damage","A rear-end collision occurred on the highway during heavy rain, resulting in reduced visibility and significant damage to the vehicles."
Gather additional details about the weather conditions during the accident.,"Intersection collision, residential area, icy road, loss of traction, moderate damage","At a residential intersection with icy road conditions leading to loss of traction, a collision occurred, resulting in moderate damage to the vehicles."
Identify specific road signs or signals relevant to the accident.,"Rear-end collision, highway, construction zone, warning signs, moderate damage","In a rear-end collision on the highway within a construction zone with warning signs, moderate damage to the vehicles was reported."
Collect statements from witnesses regarding the sequence of events.,"Single-vehicle accident, rural road, wildlife crossing, evasive action, tree collision","Following a single-vehicle accident on a rural road involving wildlife crossing and evasive action, a collision with a tree occurred."
Investigate any mitigating factors that affected the severity of the accident.,"Rear-end collision, city street, defensive driving, minor damage, no injuries","A rear-end collision occurred on a city street where defensive driving mitigated the severity, resulting in minor damage to the vehicles and no injuries."
Document the actions taken by emergency responders post-accident.,"Intersection collision, downtown area, hazardous materials involved, evacuation","After an intersection collision in a downtown area involving hazardous materials, evacuation procedures were implemented by emergency responders."
Determine if any legal proceedings ensued from the accident.,"Single-vehicle accident, mountain road, rockslide, road closure, property damage","After a single-vehicle accident on a mountain road involving a rockslide and subsequent road closure, legal proceedings were initiated due to property damage."
Record details of injuries sustained by individuals involved.,"Rear-end collision, highway, sudden deceleration, minor damage, back pain","In a rear-end collision on the highway due to sudden deceleration, resulting in minor damage to the vehicles, individuals involved reported back pain."
Note the location where the accident took place.,"Side collision, parking lot, obstructed signage, minor damage, no injuries","In a parking lot with obstructed signage, a side collision occurred, resulting in minor damage to the vehicles and no injuries."
Assess whether the accident impacted the ability to continue the journey.,"Intersection collision, residential area, vehicle rollover, road closure","After an intersection collision in a residential area resulting in a vehicle rollover, road closure was necessary, impacting the ability to continue the journey."
Document immediate actions taken post-accident for safety.,"Single-vehicle accident, rural road, fuel leak, fire extinguished","Following a single-vehicle accident on a rural road involving a fuel leak, immediate action was taken to extinguish the fire for safety."
Determine if medical attention was sought for any injuries.,"Rear-end collision, city street, sudden braking, minor damage, head injury","In a rear-end collision on a city street due to sudden braking, resulting in minor damage to the vehicles, medical attention was sought for a head injury."
Investigate any other contributing factors to the accident.,"Intersection collision, suburban area, obscured road markings, severe damage","At a suburban intersection with obscured road markings, a collision occurred, resulting in severe damage to the vehicles."
Gather any additional details or information about the accident.,"Single-vehicle accident, rural road, mechanical failure, towing required","Following a single-vehicle accident on a rural road due to mechanical failure, towing services were required for vehicle removal."
Explain the events leading to the collision and its aftermath.,"Side collision, parking garage, blind spot, minor damage, no injuries","In a parking garage, a side collision occurred due to a blind spot, resulting in minor damage to the vehicles and no injuries."
Describe the extent of damage to your vehicle and any injuries sustained.,"Single-vehicle accident, highway, sudden lane departure, rollover, multiple injuries","A single-vehicle accident on the highway occurred due to a sudden lane departure, resulting in a rollover and multiple injuries."
Provide details on environmental factors contributing to the accident.,"Collision with cyclist, downtown street, obscured traffic signs, minor injuries","A collision with a cyclist occurred on a downtown street due to obscured traffic signs, resulting in minor injuries."
Determine the type of collision and specify its characteristics.,"Rear-end collision, highway, heavy snowfall, reduced traction, moderate damage","A rear-end collision occurred on the highway during heavy snowfall, resulting in reduced traction and moderate damage to the vehicles."
Gather additional information about weather conditions during the accident.,"Intersection collision, residential area, dense fog, poor visibility, significant damage","At a residential intersection during dense fog with poor visibility, a collision occurred, resulting in significant damage to the vehicles."
Identify specific road signs or signals relevant to the accident.,"Rear-end collision, highway, construction zone, lane closure, minor damage","In a rear-end collision on the highway within a construction zone with lane closure, minor damage to the vehicles was reported."
Collect statements from witnesses regarding the sequence of events.,"Single-vehicle accident, rural road, sudden animal crossing, evasive maneuver, tree collision","Following a single-vehicle accident on a rural road involving a sudden animal crossing and evasive maneuver, a collision with a tree occurred."
Investigate any mitigating factors affecting the accident severity.,"Rear-end collision, city street, defensive driving, minor damage, no injuries","A rear-end collision occurred on a city street where defensive driving mitigated the severity, resulting in minor damage to the vehicles and no injuries."
Document the actions taken by emergency responders post-accident.,"Intersection collision, downtown area, hazardous materials involved, evacuation","After an intersection collision in a downtown area involving hazardous materials, evacuation procedures were implemented by emergency responders."
Determine if any legal proceedings ensued from the accident.,"Single-vehicle accident, mountain road, rockslide, road closure, property damage","After a single-vehicle accident on a mountain road involving a rockslide and subsequent road closure, legal proceedings were initiated due to property damage."
Record details of injuries sustained by individuals involved.,"Rear-end collision, highway, sudden deceleration, minor damage, back pain","In a rear-end collision on the highway due to sudden deceleration, resulting in minor damage to the vehicles, individuals involved reported back pain."
Note the location where the accident took place.,"Side collision, parking lot, obstructed signage, minor damage, no injuries","In a parking lot with obstructed signage, a side collision occurred, resulting in minor damage to the vehicles and no injuries."
Assess whether the accident impacted the ability to continue the journey.,"Intersection collision, residential area, vehicle rollover, road closure","After an intersection collision in a residential area resulting in a vehicle rollover, road closure was necessary, impacting the ability to continue the journey."
Document immediate actions taken post-accident for safety.,"Single-vehicle accident, rural road, fuel leak, fire extinguished","Following a single-vehicle accident on a rural road involving a fuel leak, immediate action was taken to extinguish the fire for safety."
Determine if medical attention was sought for any injuries.,"Rear-end collision, city street, sudden braking, minor damage, head injury","In a rear-end collision on a city street due to sudden braking, resulting in minor damage to the vehicles, medical attention was sought for a head injury."
Describe the sequence of events leading to the collision and its aftermath.,"Single-vehicle accident, highway, tire blowout, loss of control, rollover","A single-vehicle accident occurred on the highway due to a tire blowout, resulting in a loss of control and a rollover."
Provide details on the extent of damage to your vehicle and any injuries sustained.,"Side collision, parking lot, obscured visibility, minor damage, no injuries","In a parking lot with obscured visibility, a side collision occurred, resulting in minor damage to the vehicles and no injuries."
"Determine the contributing factors to the accident, including weather conditions.","Rear-end collision, highway, heavy rain, reduced braking distance, moderate damage","In a rear-end collision on the highway during heavy rain, reduced braking distance due to weather conditions led to moderate damage to the vehicles."
Gather additional information about road conditions at the time of the accident.,"Intersection collision, suburban area, icy roads, sliding vehicle, property damage","At a suburban intersection with icy roads, a sliding vehicle caused a collision resulting in property damage."
Identify specific road signs or signals relevant to the accident scenario.,"Single-vehicle accident, mountain road, sharp curve, guardrail collision, moderate injuries","On a mountain road with a sharp curve, a single-vehicle accident occurred, resulting in a collision with a guardrail and moderate injuries."
Collect statements from witnesses regarding the accident sequence.,"Rear-end collision, city street, distracted driving, minor damage, no injuries","Witnesses reported distracted driving as the cause of a rear-end collision on a city street, resulting in minor damage to the vehicles and no injuries."
Investigate any factors that mitigated or exacerbated the accident severity.,"Intersection collision, downtown area, traffic light malfunction, confusion, property damage","In a downtown intersection with a malfunctioning traffic light causing confusion, an accident occurred resulting in property damage."
Document the actions taken by emergency responders following the accident.,"Single-vehicle accident, rural road, trapped occupants, extrication",Emergency responders performed extrication to free trapped occupants following a single-vehicle accident on a rural road.
Determine if legal or insurance proceedings were initiated post-accident.,"Side collision, parking garage, disputed liability, insurance investigation","Following a side collision in a parking garage with disputed liability, an insurance investigation was initiated."
Record details of injuries sustained and medical attention sought post-accident.,"Rear-end collision, highway, sudden stop, whiplash injuries, medical evaluation","After a rear-end collision on the highway due to a sudden stop, individuals involved sought medical evaluation for whiplash injuries."
